PageName,
S55
T54
T55
U52
U53
U54
U55
U56
U57
U58
U59
U60
V51
V52
V53
V54
V55
V56
V57
V58
V59
V60
V61
W50
W51
W52
W53
W54
W55
W56
W57
W58
W59
W60
W61
W62
X50
X51
X52
X53
X54
X55
X56
X57
X58
X59
X60
X61
X62
X63
Y49
Y50
Y51
Y52
Y53
Y54
Y55
Y56
Y57
Y58
Y59
Y60
Y61
Y62
Y63
Y64
Y65
Y66
Y67
Y68
Y69
Y70
Y71
Y72
Y73
Y74
Y75
Y76
Y77
Y78
Y79
Y81
Y82
Z49
Z50
Z51
Z52
Z53
Z54
Z55
Z56
Z57
Z58
Z59
Z60
Z61
Z62
Z63
Z64
Z65
Z66
Z67
Z68
Z69
Z70
Z71
Z72
Z73
Z74
Z75
Z76
Z77
Z78
Z79
Z80
Z81
Z82
AA49
AA50
AA51
AA52
AA53
AA54
AA55
AA56
AA57
AA58
AA59
AA60
AA61
AA62
AA63
AA64
AA65
AA66
AA67
AA68
AA69
AA70
AA71
AA72
AA73
AA74
AA75
AA76
AA77
AA78
AA79
AA80
AA81
AA82
AA83
AB49
AB50
AB51
AB52
AB53
AB54
AB55
AB56
AB57
AB58
AB59
AB60
AB61
AB62
AB63
AB64
AB65
AB66
AB67
AB68
AB69
AB70
AB71
AB72
AB73
AB74
AB75
AB76
AB77
AB78
AB79
AB80
AB81
AB82
AB83
AC49
AC50
AC51
AC52
AC53
AC54
AC55
AC56
AC57
AC58
AC59
AC60
AC61
AC62
AC63
AC64
AC65
AC66
AC67
AC68
AC69
AC70
AC71
AC72
AC73
AC74
AC75
AC76
AC77
AC78
AC79
AC80
AC81
AC82
AD50
AD51
AD52
AD53
AD54
AD55
AD56
AD57
AD58
AD59
AD60
AD61
AD62
AD63
AD64
AD65
AD66
AD67
AD68
AD69
AD70
AD71
AD72
AD73
AD74
AD75
AD76
AD77
AD78
AD79
AD80
AD81
AD82
AE49
AE50
AE51
AE52
AE53
AE54
AE55
AE56
AE57
AE58
AE59
AE60
AE61
AE62
AE63
AE64
AE65
AE66
AE67
AE68
AE69
AE70
AE71
AE72
AE73
AE74
AE75
AE76
AE77
AE78
AE79
AE80
AE81
AE82
AF49
AF50
AF51
AF52
AF53
AF54
AF55
AF56
AF57
AF58
AF59
AF60
AF61
AF62
AF63
AF64
AF65
AF66
AF67
AF68
AF69
AF70
AF71
AF72
AF73
AF74
AF75
AF76
AF77
AF78
AF79
AF81
AG49
AG50
AG51
AG52
AG53
AG54
AG55
AG56
AG57
AG58
AG59
AG60
AG61
AG62
AG63
AG64
AG65
AG66
AG67
AG68
AG69
AG70
AG71
AG72
AG73
AG74
AG75
AG76
AG77
AH51
AH52
AH53
AH54
AH55
AH56
AH57
AH58
AH59
AH60
AH61
AH62
AH63
AH64
AH65
AH66
AH67
AH68
AH69
AH70
AH71
AH72
AH73
AH74
AH75
AH76
AI52
AI53
AI54
AI55
AI56
AI57
AI58
AI59
AI60
AI61
AI62
AI63
AI64
AI65
AI66
AI67
AI68
AI69
AI70
AI71
AI72
AI73
AI74
AJ55
AJ56
AJ57
AJ58
AJ59
AJ60
AJ61
AJ62
AJ63
AJ64
AJ65
AJ66
AJ67
AJ68
AJ69
AJ70
AJ71
AJ72
AJ73
AK57
AK58
AK59
AK60
AK61
AK62
AK63
AK64
AK65
AK66
AK67
AK68
AK69
AK70
AK71
AK72
AL58
AL59
AL60
AL61
AL62
AL63
AL64
AL65
AL66
AL67
AL68
AL69
AL70
AL71
AL72
AM58
AM59
AM60
AM61
AM62
AM63
AM64
AM65
AM66
AM67
AM68
AM69
AM70
AM71
AN58
AN59
AN60
AN61
AN62
AN63
AN64
AN65
AN66
AN67
AN68
AN69
AN70
AN71
AO58
AO59
AO60
AO61
AO62
AO63
AO64
AO65
AO66
AO67
AO68
AO69
AO70
AP58
AP59
AP60
AP61
AP62
AP63
AP64
AP65
AP66
AP67
AP68
AP69
AP70
AQ58
AQ59
AQ60
AQ61
AQ62
AQ63
AQ64
AQ65
AQ66
AQ67
AQ68
AQ69
AR59
AR60
AR61
AR62
AR63
AR64
AR65
AR66
AR67
AR68
AR69
AS61
AS62
AS63
AS64
AS65
AS66
AS67
AS68
AT63
AT64
AT65
AT66
AT67
AT68
AU65
AU66
AU67
AU68
AV66
AV67
AV68
AW68
